year,lce_share_percent
2015,47.30397770652007
2016,47.30397770652007
2017,47.30397770652007
2018,47.30397770652007
2019,47.30397770652007
2020,47.30397770652007
2021,47.30397770652007
2022,47.30397770652007
2023,47.30397770652007
2024,47.30397770652007
2025,47.30397770652007
2026,47.30397770652007
2027,47.30397770652007
2028,47.30397770652007
2029,47.30397770652007
2030,47.30397770652007
